{
	"properties": [
		{
			"name": "management.endpoints.web.base-path",
			"type": "java.lang.String",
			"description": "A description for 'management.endpoints.web.base-path'"
		},
		{
			"name": "management.endpoints.web.exposure.include",
			"type": "java.lang.String",
			"description": "A description for 'management.endpoints.web.exposure.include'"
		},
		{
			"name": "key.secret",
			"type": "java.lang.String",
			"description": "A description for 'key.secret'"
		},
		{
			"name": "key.id",
			"type": "java.lang.String",
			"description": "A description for 'key.id'"
		}
	]
}